{
  "mode": "train_real",
  "best_val_tss": 0.0,
  "best_epoch": 1,
  "test_metrics": {
    "15min": {
      "tss@0.3": 1.0,
      "hss@0.3": 0.0,
      "pod@0.3": 1.0,
      "pofd@0.3": 0.0,
      "far@0.3": 0.0,
      "precision@0.3": 1.0,
      "tp@0.3": 1,
      "tn@0.3": 0,
      "fp@0.3": 0,
      "fn@0.3": 0,
      "tss@0.5": 0.0,
      "hss@0.5": 0.0,
      "pod@0.5": 0.0,
      "pofd@0.5": 0.0,
      "far@0.5": 0.0,
      "precision@0.5": 0.0,
      "tp@0.5": 0,
      "tn@0.5": 0,
      "fp@0.5": 0,
      "fn@0.5": 1,
      "tss@0.7": 0.0,
      "hss@0.7": 0.0,
      "pod@0.7": 0.0,
      "pofd@0.7": 0.0,
      "far@0.7": 0.0,
      "precision@0.7": 0.0,
      "tp@0.7": 0,
      "tn@0.7": 0,
      "fp@0.7": 0,
      "fn@0.7": 1,
      "best_tss": 1.0,
      "auc": 0.5,
      "brier": 0.3240930438041687
    },
    "30min": {
      "tss@0.3": 1.0,
      "hss@0.3": 0.0,
      "pod@0.3": 1.0,
      "pofd@0.3": 0.0,
      "far@0.3": 0.0,
      "precision@0.3": 1.0,
      "tp@0.3": 1,
      "tn@0.3": 0,
      "fp@0.3": 0,
      "fn@0.3": 0,
      "tss@0.5": 0.0,
      "hss@0.5": 0.0,
      "pod@0.5": 0.0,
      "pofd@0.5": 0.0,
      "far@0.5": 0.0,
      "precision@0.5": 0.0,
      "tp@0.5": 0,
      "tn@0.5": 0,
      "fp@0.5": 0,
      "fn@0.5": 1,
      "tss@0.7": 0.0,
      "hss@0.7": 0.0,
      "pod@0.7": 0.0,
      "pofd@0.7": 0.0,
      "far@0.7": 0.0,
      "precision@0.7": 0.0,
      "tp@0.7": 0,
      "tn@0.7": 0,
      "fp@0.7": 0,
      "fn@0.7": 1,
      "best_tss": 1.0,
      "auc": 0.5,
      "brier": 0.2729497253894806
    },
    "60min": {
      "tss@0.3": 1.0,
      "hss@0.3": 0.0,
      "pod@0.3": 1.0,
      "pofd@0.3": 0.0,
      "far@0.3": 0.0,
      "precision@0.3": 1.0,
      "tp@0.3": 1,
      "tn@0.3": 0,
      "fp@0.3": 0,
      "fn@0.3": 0,
      "tss@0.5": 1.0,
      "hss@0.5": 0.0,
      "pod@0.5": 1.0,
      "pofd@0.5": 0.0,
      "far@0.5": 0.0,
      "precision@0.5": 1.0,
      "tp@0.5": 1,
      "tn@0.5": 0,
      "fp@0.5": 0,
      "fn@0.5": 0,
      "tss@0.7": 0.0,
      "hss@0.7": 0.0,
      "pod@0.7": 0.0,
      "pofd@0.7": 0.0,
      "far@0.7": 0.0,
      "precision@0.7": 0.0,
      "tp@0.7": 0,
      "tn@0.7": 0,
      "fp@0.7": 0,
      "fn@0.7": 1,
      "best_tss": 1.0,
      "auc": 0.5,
      "brier": 0.2280961573123932
    },
    "mean_tss_across_horizons": 1.0,
    "mean_auc_across_horizons": 0.5
  }
}