{
  "best_val_tss": 0.33076923076923076,
  "test_mean_tss": 0.4375,
  "test_mean_auc": 0.7570454394902925,
  "n_params": 101539,
  "n_flares": 30,
  "pos_frac_train": 0.36023128032684326,
  "focal_alpha": 0.6397687196731567,
  "per_horizon": {
    "15min": {
      "tss@0.3": 0.3474025974025974,
      "hss@0.3": 0.038392536777897404,
      "pod@0.3": 1.0,
      "pofd@0.3": 0.6525974025974026,
      "far@0.3": 0.9436619718309859,
      "precision@0.3": 0.056338028169014086,
      "tp@0.3": 12.0,
      "tn@0.3": 107.0,
      "fp@0.3": 201.0,
      "fn@0.3": 0.0,
      "tss@0.5": 0.75,
      "hss@0.5": 0.8523985239852397,
      "pod@0.5": 0.75,
      "pofd@0.5": 0.0,
      "far@0.5": 0.0,
      "precision@0.5": 1.0,
      "tp@0.5": 9.0,
      "tn@0.5": 308.0,
      "fp@0.5": 0.0,
      "fn@0.5": 3.0,
      "tss@0.7": 0.75,
      "hss@0.7": 0.8523985239852397,
      "pod@0.7": 0.75,
      "pofd@0.7": 0.0,
      "far@0.7": 0.0,
      "precision@0.7": 1.0,
      "tp@0.7": 9.0,
      "tn@0.7": 308.0,
      "fp@0.7": 0.0,
      "fn@0.7": 3.0,
      "best_tss": 0.75,
      "auc": 0.9090909090909091,
      "brier": 0.09655764698982239
    },
    "30min": {
      "tss@0.3": 0.010135135135135087,
      "hss@0.3": 0.0015334810018742522,
      "pod@0.3": 1.0,
      "pofd@0.3": 0.9898648648648649,
      "far@0.3": 0.9242902208201893,
      "precision@0.3": 0.07570977917981073,
      "tp@0.3": 24.0,
      "tn@0.3": 3.0,
      "fp@0.3": 293.0,
      "fn@0.3": 0.0,
      "tss@0.5": 0.375,
      "hss@0.5": 0.5260663507109001,
      "pod@0.5": 0.375,
      "pofd@0.5": 0.0,
      "far@0.5": 0.0,
      "precision@0.5": 1.0,
      "tp@0.5": 9.0,
      "tn@0.5": 296.0,
      "fp@0.5": 0.0,
      "fn@0.5": 15.0,
      "tss@0.7": 0.375,
      "hss@0.7": 0.5260663507109001,
      "pod@0.7": 0.375,
      "pofd@0.7": 0.0,
      "far@0.7": 0.0,
      "precision@0.7": 1.0,
      "tp@0.7": 9.0,
      "tn@0.7": 296.0,
      "fp@0.7": 0.0,
      "fn@0.7": 15.0,
      "best_tss": 0.375,
      "auc": 0.7405686936936937,
      "brier": 0.19634786248207092
    },
    "60min": {
      "tss@0.3": 0.0,
      "hss@0.3": 0.0,
      "pod@0.3": 1.0,
      "pofd@0.3": 1.0,
      "far@0.3": 0.85,
      "precision@0.3": 0.15,
      "tp@0.3": 48.0,
      "tn@0.3": 0.0,
      "fp@0.3": 272.0,
      "fn@0.3": 0.0,
      "tss@0.5": 0.003676470588235281,
      "hss@0.5": 0.0011057869517139593,
      "pod@0.5": 1.0,
      "pofd@0.5": 0.9963235294117647,
      "far@0.5": 0.8495297805642633,
      "precision@0.5": 0.15047021943573669,
      "tp@0.5": 48.0,
      "tn@0.5": 1.0,
      "fp@0.5": 271.0,
      "fn@0.5": 0.0,
      "tss@0.7": 0.1875,
      "hss@0.7": 0.28176795580110514,
      "pod@0.7": 0.1875,
      "pofd@0.7": 0.0,
      "far@0.7": 0.0,
      "precision@0.7": 1.0,
      "tp@0.7": 9.0,
      "tn@0.7": 272.0,
      "fp@0.7": 0.0,
      "fn@0.7": 39.0,
      "best_tss": 0.1875,
      "auc": 0.6214767156862745,
      "brier": 0.28592538833618164
    }
  }
}